<?xml version="1.0" encoding="UTF-8"?>
<con:soapui-project id="5ec13a88-0fa7-4599-97b6-8c318e2c5cc0" activeEnvironment="Default" name="Roland API Gateway - Prod" resourceRoot="" soapui-version="5.6.0" xmlns:con="http://eviware.com/soapui/config"><con:settings/><con:interface xsi:type="con:RestService" id="60d120e2-e53b-4e79-ad08-dd9583f28dbf" wadlVersion="http://wadl.dev.java.net/2009/02" name="https://roland-api-gateway.herokuapp.com" type="rest" xmlns:xsi="http://www.w3.org/2001/XMLSchema-instance"><con:settings/><con:definitionCache/><con:endpoints><con:endpoint>https://roland-api-gateway.herokuapp.com</con:endpoint></con:endpoints><con:resource name="" path="" id="70a6a55b-49c6-4f93-9c5f-57d366272df6"><con:settings/><con:parameters/><con:method name="1" id="c42597c4-4560-4e47-8a4f-2f7c8ba53fc8" method="GET"><con:settings/><con:parameters/></con:method></con:resource><con:resource name="register" path="/api/auth/register" id="63a6a7f9-96cf-4a75-a2f5-01519f7a454f"><con:settings/><con:parameters/><con:method name="Method 1" id="3fc7e05d-eea3-44b5-8fd8-e371e1dfff67" method="POST"><con:settings/><con:parameters/><con:representation type="RESPONSE"><con:mediaType>application/json; charset=utf-8</con:mediaType><con:status>200</con:status><con:params/><con:element xmlns:reg="https://roland-api-gateway.herokuapp.com/api/auth/register">reg:Response</con:element></con:representation><con:representation type="REQUEST"><con:mediaType>application/x-www-form-urlencoded</con:mediaType><con:params/></con:representation><con:request name="Request 1" id="55f34724-d9e0-44c3-80ab-8a2d5f2d4d0b" mediaType="application/x-www-form-urlencoded" postQueryString="false"><con:settings><con:setting id="com.eviware.soapui.impl.wsdl.WsdlRequest@request-headers">&lt;xml-fragment/></con:setting></con:settings><con:endpoint>https://roland-api-gateway.herokuapp.com</con:endpoint><con:request>grant_type=password&amp;username=jdroland0331&amp;password=mysecretpassword&amp;email=jdroland0331@test.com</con:request><con:originalUri>https://roland-api-gateway.herokuapp.com/api/auth/register</con:originalUri><con:credentials><con:authType>No Authorization</con:authType></con:credentials><con:jmsConfig JMSDeliveryMode="PERSISTENT"/><con:jmsPropertyConfig/><con:parameters/></con:request></con:method></con:resource><con:resource name="token" path="/api/auth/token" id="4634c870-cae8-4e6e-9619-aced732202d5"><con:settings/><con:parameters/><con:method name="Method 1" id="2e747336-ca8a-4f33-b9e2-400d24139f6d" method="GET"><con:settings/><con:parameters/><con:representation type="RESPONSE"><con:mediaType>application/json; charset=utf-8</con:mediaType><con:status>200</con:status><con:params/><con:element xmlns:tok="https://roland-api-gateway.herokuapp.com/api/auth/token">tok:Response</con:element></con:representation><con:request name="Request 1" id="584fe3e5-9760-4f13-a763-b815479606a4" mediaType="application/json"><con:settings><con:setting id="com.eviware.soapui.impl.wsdl.WsdlRequest@request-headers">&lt;entry key="x-access-token" value="eyJhbGciOiJIUzI1NiIsInR5cCI6IkpXVCJ9.eyJpZCI6IjVmZDg0MGZkNDZjN2IwMDAxNzQ0ZDk3YSIsImlhdCI6MTYwODAwNzkzMywiZXhwIjoxNjA4MDk0MzMzfQ.UCREXdVbwwnVaR0UyCPBMEtMr8Dls97SwJvXSK8rcaQ" xmlns="http://eviware.com/soapui/config"/></con:setting></con:settings><con:endpoint>https://roland-api-gateway.herokuapp.com</con:endpoint><con:request/><con:originalUri>https://roland-api-gateway.herokuapp.com/api/auth/token</con:originalUri><con:credentials><con:authType>No Authorization</con:authType></con:credentials><con:jmsConfig JMSDeliveryMode="PERSISTENT"/><con:jmsPropertyConfig/><con:parameters/></con:request></con:method></con:resource><con:resource name="login" path="/api/auth/login" id="a0bb88df-0632-4fc1-ba71-f7b822d6a552"><con:settings/><con:parameters/><con:method name="Method 1" id="89e490b6-f101-4245-94d2-c846658f131c" method="POST"><con:settings/><con:parameters/><con:representation type="REQUEST"><con:mediaType>x-www-form-urlencoded</con:mediaType><con:params/></con:representation><con:representation type="FAULT"><con:mediaType>text/html; charset=utf-8</con:mediaType><con:status>404</con:status><con:params/><con:element>html</con:element></con:representation><con:request name="Request 1" id="4a361860-706f-4096-b8b2-dce0b1e09054" mediaType="x-www-form-urlencoded" postQueryString="false"><con:settings><con:setting id="com.eviware.soapui.impl.wsdl.WsdlRequest@request-headers">&lt;xml-fragment/></con:setting></con:settings><con:endpoint>https://roland-api-gateway.herokuapp.com</con:endpoint><con:request>grant_type=password&amp;username=jdroland0331&amp;password=mysecretpassword&amp;email=jdroland0331@test.com</con:request><con:originalUri>https://roland-api-gateway.herokuapp.com/api/auth/login</con:originalUri><con:credentials><con:authType>No Authorization</con:authType></con:credentials><con:jmsConfig JMSDeliveryMode="PERSISTENT"/><con:jmsPropertyConfig/><con:parameters/></con:request></con:method></con:resource><con:resource name="logout" path="/api/auth/logout" id="0ae61f4d-2cde-4a83-a36e-c2becbb04625"><con:settings/><con:parameters/><con:method name="Method 1" id="3d8083e8-e441-42c9-b1b1-36d7b3c2cc6c" method="GET"><con:settings/><con:parameters/><con:representation type="RESPONSE"><con:mediaType>application/json; charset=utf-8</con:mediaType><con:status>200</con:status><con:params/><con:element xmlns:log="https://roland-api-gateway.herokuapp.com/api/auth/logout">log:Response</con:element></con:representation><con:request name="Request 1" id="3c0a0a42-4254-4e19-8435-5b5627bfc65e" mediaType="application/json"><con:settings><con:setting id="com.eviware.soapui.impl.wsdl.WsdlRequest@request-headers">&lt;xml-fragment/></con:setting></con:settings><con:endpoint>https://roland-api-gateway.herokuapp.com</con:endpoint><con:request/><con:originalUri>https://roland-api-gateway.herokuapp.com/api/auth/logout</con:originalUri><con:credentials><con:authType>No Authorization</con:authType></con:credentials><con:jmsConfig JMSDeliveryMode="PERSISTENT"/><con:jmsPropertyConfig/><con:parameters/></con:request></con:method></con:resource></con:interface><con:properties/><con:wssContainer/><con:oAuth2ProfileContainer/><con:oAuth1ProfileContainer/><con:sensitiveInformation/></con:soapui-project>