<?xml version="1.0" encoding="UTF-8"?>
<con:soapui-project id="c0e913f4-7fca-4f54-b933-611dffac2ed4" activeEnvironment="Default" name="XKCD Project" resourceRoot="" soapui-version="5.6.0" xmlns:con="http://eviware.com/soapui/config"><con:settings/><con:interface xsi:type="con:RestService" id="f58889c7-bd87-4b17-9744-c35adec450ae" wadlVersion="http://wadl.dev.java.net/2009/02" name="https://xkcd.com" type="rest" xmlns:xsi="http://www.w3.org/2001/XMLSchema-instance"><con:settings/><con:definitionCache/><con:endpoints><con:endpoint>https://xkcd.com</con:endpoint></con:endpoints><con:resource name="Info.0.json" path="/221/info.0.json" id="d636f59b-7bf9-46bf-99ca-a7210277c035"><con:settings/><con:parameters/><con:method name="Info.0.json 1" id="eb1df69b-a6dc-40bc-96d3-951376237a19" method="GET"><con:settings/><con:parameters/><con:representation type="RESPONSE"><con:mediaType>application/json</con:mediaType><con:status>200</con:status><con:params/><con:element xmlns:info="https://xkcd.com/614/info.0.json">info:Response</con:element></con:representation><con:request name="Request 1" id="a1824a79-62dc-43a9-b258-c4c8b6655959" mediaType="application/json"><con:settings><con:setting id="com.eviware.soapui.impl.wsdl.WsdlRequest@request-headers">&lt;xml-fragment/></con:setting></con:settings><con:endpoint>https://xkcd.com</con:endpoint><con:request/><con:originalUri>https://xkcd.com/614/info.0.json</con:originalUri><con:credentials><con:authType>No Authorization</con:authType></con:credentials><con:jmsConfig JMSDeliveryMode="PERSISTENT"/><con:jmsPropertyConfig/><con:parameters/></con:request></con:method></con:resource></con:interface><con:properties/><con:wssContainer/><con:oAuth2ProfileContainer/><con:oAuth1ProfileContainer/><con:sensitiveInformation/></con:soapui-project>